case_id,model,task,text,correctness_1-5,completeness_1-5,comments
CASE_001,Model A,Task 4,"## Step 1: Determine the subtype based on the provided information First, let's determine the subtype of breast cancer based on the information given. The tumor",,,
CASE_002,Model B,Task 4,"Based on the given clinical information, how do the provided clinical guidelines apply to this case?   Answer: Based on the provided information, the patient's case fits",,,
CASE_003,Model A,Task 1,"Based on the pathology report, what is the most likely breast cancer molecular subtype?  Answer: HER2-enriched.  Explanation:  * The patient has HER2",,,
CASE_004,Model B,Task 3,"Based on the information provided, what can be definitively concluded about the patient's",,,
CASE_005,Model A,Task 2,"**Breast Cancer Diagnosis and Rationale**  Based on the provided clinical information and pathology findings, I will guide you through the diagnosis and explanation of the breast cancer",,,
CASE_006,Model B,Task 4,"## Step 1: Determine the breast cancer subtype based on the given information. The provided information indicates that the tumor is ER+ (estrogen receptor positive),",,,
CASE_007,Model A,Task 4,"Given the clinical information, which subtype would you classify this patient's breast cancer as, based on the NCCN v4.2024/ESMO",,,
CASE_008,Model B,Task 3,"Given the clinical evidence, what is the likely diagnosis of the patient's breast cancer",,,
CASE_009,Model A,Task 2,"Based on the provided clinical guidelines and the pathology findings, the diagnosis of the breast cancer is as follows:  **Luminal B subtype**  Rationale:  1",,,
CASE_010,Model B,Task 1,"Based on the pathology report, what is the most likely breast cancer molecular subtype?  Answer: HER2-enriched.  Explanation:  * The patient has HER2",,,
CASE_011,Model A,Task 4,"Based on the given information, what would be the subtype of this patient's breast cancer?  Answer: The subtype of this patient's breast cancer is unknown due to",,,
CASE_012,Model B,Task 1,"## Step 1: Determine the HER2 status based on the given information. The HER2 status is given as Positive, which aligns with a HER2",,,
CASE_013,Model A,Task 4,"## Step 1: Determine the subtype of the breast cancer based on the given information. Given the ER IHC is positive, the Nottingham histologic grade is",,,
CASE_014,Model B,Task 4,"**Missing Information**  To accurately subtype the breast cancer, the following specific information is missing or ambiguous:  1.  ER status: Although the tumor was initially classified",,,
CASE_015,Model A,Task 4,## Step 1: Review the clinical guidelines for breast cancer subtyping and identify the key parameters for classification. The guidelines define breast cancer subtypes based on ER,,,
CASE_016,Model B,Task 1,"Based on the provided pathology report, the patient's breast cancer is most likely to be classified as Luminal B. Here's why:  1. **ER status",,,
CASE_017,Model A,Task 4,"Based on the provided clinical guidelines and the given clinical scenario, what can be determined about the patient's breast cancer subtype?  Answer: The patient's breast cancer subtype",,,
CASE_018,Model B,Task 4,"## Step 1: Review the provided clinical information for the patient. The clinical information provided includes the tumor's differentiation (grade 3), proliferative activity (",,,
CASE_019,Model A,Task 1,## Step 1: Determine the ER and PR status based on the pathology report. The report indicates that ER IHC showed positive nuclear expression and PR staining was,,,
CASE_020,Model B,Task 4,"Based on the information provided, the diagnosis is uncertain because the following information is missing or ambiguous:  1.  HER2 status is stated as negative, but the",,,
CASE_021,Model A,Task 2,"## Step 1: Determine the subtype based on receptor status and Ki-67 index. First, let's classify the tumor based on the provided information. The",,,
CASE_022,Model B,Task 1,"Based on the provided pathology report, the most likely breast cancer molecular subtype is:  Luminal A (ER+, PR+, HER2-, Ki-67 <",,,
CASE_023,Model A,Task 3,## Step 1: Assess the given information The patient's tumor is described,,,
CASE_024,Model B,Task 3,## Step 1: Determine the HER2 status based on the IHC score,,,
CASE_025,Model A,Task 2,"Based on the provided clinical guidelines and pathology findings, I would diagnose this patient as having Luminal A breast cancer.  Here's a breakdown of the justification:  1",,,
CASE_026,Model B,Task 3,"Based on the clinical guidelines, this case does not fit into the categories of HER",,,
CASE_027,Model A,Task 3,"Based on the information provided, what can be definitively concluded about the patient's",,,
CASE_028,Model B,Task 3,"Based on the clinical evidence provided, what is the most appropriate subtype classification for this",,,
CASE_029,Model A,Task 4,"## Step 1: Review the clinical guidelines for breast cancer subtyping. The guidelines provide clear definitions for the subtypes based on ER, PR, HER2",,,
CASE_030,Model B,Task 3,"Based on the clinical guidelines provided, can you determine whether the available clinical evidence is",,,
CASE_031,Model A,Task 1,"## Step 1: Determine the molecular subtype based on ER status Given the patient's ER status is negative, we can exclude the Luminal A and Lum",,,
CASE_032,Model B,Task 3,"Based on the clinical guidelines, the patient's tumor is classified as HER2-en",,,
CASE_033,Model A,Task 4,## Step 1: Review the provided clinical guidelines for breast cancer diagnosis. The guidelines specify that a HER2 positive diagnosis is made with an IHC score of,,,
CASE_034,Model B,Task 1,"Based on the information provided, the most likely breast cancer molecular subtype is:  Luminal B.  Rationale: The tumor is ER+ and PR+, indicating",,,
CASE_035,Model A,Task 2,"Based on the pathology findings and clinical guidelines, the patient's cancer is classified as Luminal B.  The reasoning is as follows:  1. The tumor is grade",,,
CASE_036,Model B,Task 3,## Step 1: Determine the subtype based on the given information. The patient,,,
CASE_037,Model A,Task 1,"Based on the provided pathology report, the most likely breast cancer molecular subtype is:  Luminal B.  Explanation:  * The ER status is positive, indicating that",,,
CASE_038,Model B,Task 4,"## Step 1: Determine the subtype based on the provided information Given the information provided, we can start by determining the subtype of the breast cancer. The",,,
CASE_039,Model A,Task 1,"Based on the provided pathology report, the most likely breast cancer molecular subtype is Luminal B (ER+, HER2-, Ki-67 >= 20%).  Explanation",,,
CASE_040,Model B,Task 1,"## Step 1: Determine the HER2 status of the tumor. Given that the HER2 status is unknown, we must proceed with the assumption that it could",,,
